Datacube Filename,Object,RA,DEC,DATE OBS,DP.ID,EXPTIME [s],INS MODE,DIMM Seeing-avg,Airmass,Wavelength,R (&lambda;/&delta;&lambda;)
ADP.2016-06-14T11:41:44.790.fits,Antennae South01,180.359921,-19.01311,2015-04-25 23:42:37,MUSE.2015-04-25T23:42:37.416,1350.0,WFM-NOAO-E,1.11 [0.11],1.28,459.980..934.980,2988.85546875
ADP.2016-06-14T18:12:18.664.fits,QSO B0515-4414,79.281792,-44.18208,2015-03-29 00:42:15,MUSE.2015-03-29T00:42:15.646,420.735,WFM-NOAO-N,1.52 [0.06],1.36,474.983..934.983,3026.63256835938
ADP.2016-06-21T07:32:38.505.fits,UDF-10,53.161722,-27.77892,2014-11-18 05:46:17,MUSE.2014-11-18T05:46:17.267,1500.0,WFM-NOAO-N,0.65 [0.06],1.05,474.991..934.991,3026.67065429688
ADP.2016-08-17T08:39:02.787.fits,67P,177.465229,11.98013,2016-03-07 06:09:54,MUSE.2016-03-07T06:09:54.387,600.0,WFM-NOAO-N,0.72 [0.05],1.26,475.005..935.005,3026.74243164062
ADP.2016-10-09T19:03:51.758.fits,TNJ2009-304,302.455269,-30.66456,2016-06-01 07:29:34,MUSE.2016-06-01T07:29:34.641,984.503,WFM-NOAO-N,1.37 [0.13],1.02,475.033..935.158,3027.19799804688
ADP.2016-11-11T12:54:05.990.fits,RXJ2129,322.411982,0.08686,2016-09-03 02:24:22,MUSE.2016-09-03T02:24:22.458,1175.558,WFM-NOAO-N,0.65 [0.05],1.14,474.986..934.986,3026.64697265625
ADP.2018-03-08T19:46:26.983.fits,P20769,171.823072,0.18981,2018-02-21 06:30:48,MUSE.2018-02-21T06:30:48.557,675.0,WFM-NOAO-N,0.54 [0.06],1.11,475.016..935.016,3026.79931640625
ADP.2018-03-14T13:08:22.142.fits,SDSS J124754,191.979099,-3.62449,2018-03-10 07:29:14,MUSE.2018-03-10T07:29:14.732,900.0,WFM-NOAO-E,0.51 [0.07],1.12,460.018..935.018,2989.04760742188
ADP.2019-06-18T16:48:16.133.fits,ICRF J134733.3+121724,206.889142,12.29006,2019-05-12 02:50:07,MUSE.2019-05-12T02:50:07.452,612.0,WFM-AO-N,0.87 [0.07],1.25,469.978..934.978,3014.01904296875
ADP.2020-12-23T11:08:13.167.fits,Arp165,114.185532,17.88403,2020-11-10 07:54:21,MUSE.2020-11-10T07:54:21.719,200.0,WFM-NOAO-N,0.43 [0.03],1.42,475.042..935.167,3027.24340820312
ADP.2021-01-23T09:52:41.198.fits,objID 1237645878488596635,14.740198,0.39651,2020-12-13 01:27:09,MUSE.2020-12-13T01:27:09.302,2103.0,WFM-AO-N,0.50 [0.05],1.17,469.956..934.956,3013.90747070312
ADP.2021-01-29T09:50:19.636.fits,HE1104,166.64475,-18.35686,2020-12-19 08:17:27,MUSE.2020-12-19T08:17:27.971,600.0,WFM-AO-N,0.79 [0.13],1.09,470.043..935.168,3014.662109375
ADP.2022-07-14T15:54:47.933.fits,SCG0035A_field1,9.392237,-33.73537,2022-06-28 10:00:42,MUSE.2022-06-28T10:00:42.468,300.0,WFM-NOAO-E,1.84 [0.13],1.03,460.036..935.161,2989.44970703125
ADP.2022-11-29T10:10:50.219.fits,ESO079-003,7.978032,-64.24488,2022-11-17 04:05:19,MUSE.2022-11-17T04:05:19.446,564.0,WFM-NOAO-N,0.70 [0.07],1.46,474.975..934.975,3026.58935546875
ADP.2023-09-19T13:20:16.225.fits,UGC 1382,28.728692,-0.14872,2023-08-22 07:34:54,MUSE.2023-08-22T07:34:54.475,120.0,WFM-AO-N,0.86 [0.13],1.14,470.038..935.163,3014.63256835938
S.MUSE.2016-04-06T11:15:14.393.fits,COSMOSdeep3,150.095277,2.58194,2014-12-29 07:28:47,MUSE.2014-12-29T07:28:47.028,666.0,WFM-NOAO-N,1.58 [0.29],1.14,475.037..935.162,3027.22045898438
S.MUSE.2016-04-06T15:58:58.993.fits,CTS_B27.07,71.388205,-40.81191,2014-12-26 03:59:43,MUSE.2014-12-26T03:59:43.632,900.0,WFM-NOAO-N,0.50 [0.04],1.06,474.986..934.986,3026.6494140625
S.MUSE.2016-04-07T12:13:31.643.fits,SSA22 LAB1,334.358754,0.21059,2014-11-13 00:33:06,MUSE.2014-11-13T00:33:06.787,1497.5,WFM-NOAO-E,0.72 [0.09],1.14,459.955..934.955,2988.73291015625
S.MUSE.2016-04-07T15:02:14.253.fits,UDF-10,53.161132,-27.7788,2014-11-23 04:33:47,MUSE.2014-11-23T04:33:47.858,1500.0,WFM-NOAO-N,0.64 [0.05],1.01,474.988..934.988,3026.65625
S.MUSE.2016-04-08T08:27:29.840.fits,COSMOSdeep3,150.095126,2.58203,2015-01-18 07:31:20,MUSE.2015-01-18T07:31:20.846,666.0,WFM-NOAO-N,0.95 [0.07],1.14,475.026..935.151,3027.16137695312
S.MUSE.2016-04-17T08:04:40.733.fits,SDSSJ1034+0358,158.735224,3.98306,2015-02-19 04:03:20,MUSE.2015-02-19T04:03:20.841,900.0,WFM-NOAO-N,2.23 [0.12],1.21,475.007..935.132,3027.06762695312
S.MUSE.2016-04-22T13:05:55.193.fits,BRI1108-07,167.806853,-8.06701,2015-04-20 02:51:21,MUSE.2015-04-20T02:51:21.373,900.0,WFM-NOAO-N,1.41 [0.19],1.06,474.972..934.972,3026.57592773438
S.MUSE.2016-04-26T16:01:15.203.fits,candels-cosmos-01,150.090633,2.20109,2015-04-21 00:21:00,MUSE.2015-04-21T00:21:00.325,900.0,WFM-NOAO-N,,1.13,474.960..934.960,3026.51538085938
S.MUSE.2016-05-17T14:34:25.766.fits,IRAS_20100-4156,303.372917,-41.79306,2015-05-14 06:43:43,MUSE.2015-05-14T06:43:43.015,800.0,WFM-NOAO-N,0.83 [0.12],1.27,475.038..935.163,3027.224609375
S.MUSE.2016-05-18T12:01:29.403.fits,Q1317-0507,200.124331,-5.39259,2015-05-18 23:32:16,MUSE.2015-05-18T23:32:16.129,900.0,WFM-NOAO-N,1.25 [0.14],1.39,474.971..934.971,3026.57397460938
S.MUSE.2016-06-14T13:44:38.243.fits,LAB1,334.361409,0.20969,2015-06-12 09:48:52,MUSE.2015-06-12T09:48:52.580,1500.0,WFM-NOAO-N,,1.1,475.043..935.168,3027.25170898438
S.MUSE.2016-06-15T13:35:57.970.fits,UM287_Slug,13.011361,1.02406,2014-10-26 02:20:05,MUSE.2014-10-26T02:20:05.376,900.0,WFM-NOAO-N,1.01 [0.12],1.15,474.982..934.982,3026.6279296875
S.MUSE.2016-06-21T17:30:41.233.fits,Q0422-035-036,65.458197,-38.89458,2014-10-25 08:37:51,MUSE.2014-10-25T08:37:51.155,900.0,WFM-NOAO-N,1.12 [0.09],1.12,475.007..935.132,3027.06860351562
S.MUSE.2016-06-29T08:25:25.796.fits,SN2006ob,27.951772,0.2636,2015-07-13 08:50:55,MUSE.2015-07-13T08:50:55.668,555.0,WFM-NOAO-N,0.82 [0.08],1.35,475.044..935.169,3027.25610351562
S.MUSE.2016-07-01T20:52:56.573.fits,PGC065588,312.987541,-52.63015,2014-09-26 00:10:18,MUSE.2014-09-26T00:10:18.959,630.0,WFM-NOAO-N,0.86 [0.15],1.16,474.964..934.964,3026.53686523438
S.MUSE.2016-08-01T16:06:05.486.fits,8082-12703,49.5115,-0.53909,2016-01-27 02:24:42,MUSE.2016-01-27T02:24:42.973,425.0,WFM-NOAO-N,1.24 [0.14],1.47,474.955..934.955,3026.49047851562
S.MUSE.2016-08-05T10:31:25.200.fits,HE0238-1904,40.135557,-18.86507,2016-02-02 01:18:25,MUSE.2016-02-02T01:18:25.766,900.0,WFM-NOAO-N,0.81 [0.06],1.27,474.960..934.960,3026.5166015625
S.MUSE.2016-08-12T07:37:02.606.fits,GRB991216,77.379567,11.28533,2016-02-29 01:01:08,MUSE.2016-02-29T01:01:08.757,1200.0,WFM-NOAO-N,1.63 [0.20],1.38,474.953..934.953,3026.48266601562
S.MUSE.2016-08-28T15:46:13.973.fits,J1619,244.915912,25.72033,2016-04-01 07:47:27,MUSE.2016-04-01T07:47:27.544,1057.5,WFM-NOAO-N,1.39 [0.12],1.59,475.022..935.022,3026.83081054688
S.MUSE.2016-09-02T00:54:16.506.fits,SDSSJ0103p1332,15.883036,13.54401,2015-11-12 01:09:26,MUSE.2015-11-12T01:09:26.706,900.0,WFM-NOAO-N,1.61 [0.40],1.35,474.975..934.975,3026.59350585938
S.MUSE.2016-09-20T15:06:33.326.fits,Q1435-0134,219.451027,-1.78511,2016-04-10 07:44:20,MUSE.2016-04-10T07:44:20.647,900.0,WFM-NOAO-N,0.66 [0.14],1.19,475.013..935.013,3026.78588867188
S.MUSE.2016-09-27T09:54:40.026.fits,candels-cosmos-15,150.090911,2.2321,2016-05-06 23:28:21,MUSE.2016-05-06T23:28:21.772,900.0,WFM-NOAO-N,,1.12,474.955..934.955,3026.48950195312
S.MUSE.2016-10-07T12:19:03.896.fits,A370,39.970193,-1.56941,2016-08-02 09:07:37,MUSE.2016-08-02T09:07:37.701,962.0,WFM-NOAO-N,0.33 [0.01],1.17,475.043..935.168,3027.25170898438
S.MUSE.2016-10-12T21:07:18.440.fits,IC 214,33.522671,5.17662,2016-08-14 09:24:00,MUSE.2016-08-14T09:24:00.263,760.0,WFM-NOAO-N,0.62 [0.03],1.15,475.043..935.168,3027.24755859375
S.MUSE.2016-10-13T17:34:36.490.fits,NGC6778,289.603665,-1.59616,2016-07-07 04:48:45,MUSE.2016-07-07T04:48:45.581,450.0,WFM-NOAO-E,0.83 [0.07],1.09,460.003..935.128,2989.28784179688
S.MUSE.2016-10-18T14:48:00.190.fits,JW29,194.456,-17.66619,2016-07-30 00:25:15,MUSE.2016-07-30T00:25:15.713,675.0,WFM-NOAO-N,0.39 [0.03],1.44,474.956..934.956,3026.49609375
S.MUSE.2016-11-08T13:32:54.533.fits,JO175,312.825159,-52.82326,2016-08-31 04:05:25,MUSE.2016-08-31T04:05:25.873,675.0,WFM-NOAO-N,0.54 [0.03],1.17,474.975..934.975,3026.59106445312
S.MUSE.2017-01-30T15:24:04.800.fits,NGC3501,165.68625,17.96972,2017-01-01 08:12:07,MUSE.2017-01-01T08:12:07.489,560.0,WFM-NOAO-N,,1.39,475.039..935.164,3027.23095703125
S.MUSE.2017-07-27T13:09:40.936.fits,SDSS J124957.23-015928.8,192.488319,-1.99133,2017-06-20 01:57:28,MUSE.2017-06-20T01:57:28.113,965.0,WFM-NOAO-E,0.89 [0.06],1.31,459.956..934.956,2988.73486328125
S.MUSE.2017-07-27T18:20:35.733.fits,Shass-421015419-SE,198.539896,-33.77513,2017-06-22 23:46:16,MUSE.2017-06-22T23:46:16.112,1016.0,WFM-NOAO-N,1.05 [0.12],1.01,474.962..934.962,3026.52709960938
S.MUSE.2017-11-09T16:08:16.403.fits,Abell2895,19.545862,-26.96928,2017-09-18 04:44:18,MUSE.2017-09-18T04:44:18.041,800.0,WFM-AO-N,,1.06,470.006..935.006,3014.1611328125
S.MUSE.2017-11-21T17:22:49.106.fits,SDSSJ0103p1332,15.883536,13.54389,2017-10-23 03:33:58,MUSE.2017-10-23T03:33:58.860,1000.0,WFM-AO-N,0.88 [0.09],1.27,469.990..934.990,3014.08276367188
S.MUSE.2017-11-22T09:29:12.696.fits,FCC277,55.599295,-35.15622,2017-10-26 08:23:05,MUSE.2017-10-26T08:23:05.892,720.0,WFM-NOAO-E,0.65 [0.06],1.17,460.002..935.002,2988.9697265625
S.MUSE.2018-01-09T16:51:57.110.fits,HATLASJ084630,131.626738,0.84741,2017-12-26 07:10:46,MUSE.2017-12-26T07:10:46.413,1000.0,WFM-NOAO-N,0.62 [0.05],1.11,475.028..935.028,3026.85986328125
S.MUSE.2018-01-10T11:05:24.510.fits,P4946,154.6284,0.08481,2017-12-15 07:27:58,MUSE.2017-12-15T07:27:58.275,675.0,WFM-NOAO-N,0.71 [0.10],1.26,475.044..935.169,3027.2548828125
S.MUSE.2018-03-02T15:59:14.486.fits,SDSSJ093749,144.457819,6.94709,2018-02-15 02:55:09,MUSE.2018-02-15T02:55:09.561,1400.0,WFM-AO-N,0.99 [0.23],1.32,469.998..934.998,3014.12158203125
S.MUSE.2018-04-21T03:04:37.583.fits,SDSSJ093749,144.457441,6.94727,2018-04-15 00:54:05,MUSE.2018-04-15T00:54:05.918,1400.0,WFM-AO-N,1.03 [0.11],1.17,469.959..934.959,3013.9267578125
S.MUSE.2018-04-27T15:21:39.616.fits,LeoT,143.723409,17.05159,2018-04-16 23:57:13,MUSE.2018-04-16T23:57:13.116,900.0,WFM-AO-N,0.88 [0.08],1.36,469.957..934.957,3013.9140625
S.MUSE.2018-05-29T17:30:57.946.fits,SDSSJ 1403+0628,210.946639,6.47111,2018-05-15 04:29:51,MUSE.2018-05-15T04:29:51.677,650.0,WFM-NOAO-E,0.81 [0.03],1.23,459.980..934.980,2988.85546875
S.MUSE.2018-08-02T14:57:17.173.fits,4C+03.24,191.41,3.38833,2017-06-17 23:58:45,MUSE.2017-06-17T23:58:45.112,1500.0,WFM-AO-N,0.64 [0.06],1.13,469.955..934.955,3013.90307617188
S.MUSE.2018-08-08T17:26:41.203.fits,NGC5291N,206.833208,-30.34961,2017-06-19 00:58:19,MUSE.2017-06-19T00:58:19.113,600.0,WFM-AO-E,0.73 [0.05],1.01,459.966..934.966,2988.78491210938
S.MUSE.2018-10-17T17:21:15.343.fits,SN2017dhu,79.133362,6.46314,2018-08-31 08:54:14,MUSE.2018-08-31T08:54:14.210,701.0,WFM-NOAO-E,0.80 [0.09],1.48,460.042..935.167,2989.48120117188
S.MUSE.2018-10-29T22:39:58.333.fits,J2305-0034,346.278776,-0.58206,2018-10-09 01:23:22,MUSE.2018-10-09T01:23:22.187,900.0,WFM-AO-N,1.27 [0.11],1.16,469.976..934.976,3014.01123046875
S.MUSE.2018-11-12T14:47:07.310.fits,SDSS J020944.61+051713.6,32.435917,5.28728,2018-11-04 04:47:44,MUSE.2018-11-04T04:47:44.557,965.0,WFM-NOAO-E,0.56 [0.03],1.18,459.991..934.991,2988.91259765625
S.MUSE.2019-01-17T15:49:16.776.fits,GP07,45.839082,-7.98972,2018-11-17 06:18:49,MUSE.2018-11-17T06:18:49.446,700.0,WFM-NOAO-N,0.55 [0.07],1.25,474.989..934.989,3026.66040039062
S.MUSE.2019-01-30T16:33:45.066.fits,3C 180,111.769875,-2.07527,2018-12-03 07:59:19,MUSE.2018-12-03T07:59:19.204,600.0,WFM-NOAO-N,1.37 [0.16],1.1,475.029..935.029,3026.86352539062
S.MUSE.2019-01-30T20:48:57.716.fits,SDSS J074749.17+115352.4,116.957241,11.89742,2018-12-06 06:52:48,MUSE.2018-12-06T06:52:48.444,879.0,WFM-AO-N,0.49 [0.05],1.26,470.031..935.031,3014.28540039062
S.MUSE.2019-01-31T03:18:55.446.fits,COSMOS-GR84-north,150.059404,2.61293,2018-12-11 07:12:07,MUSE.2018-12-11T07:12:07.751,600.0,WFM-AO-N,0.50 [0.04],1.34,470.043..935.168,3014.66455078125
S.MUSE.2019-03-05T01:04:11.366.fits,LSQ13ry,158.199807,4.1965,2019-02-22 06:03:51,MUSE.2019-02-22T06:03:51.111,702.0,WFM-NOAO-N,0.51 [0.05],1.18,475.004..935.004,3026.73876953125
S.MUSE.2019-05-30T07:58:30.533.fits,J0759+0605,119.958466,6.09684,2019-04-07 00:17:40,MUSE.2019-04-07T00:17:40.757,900.0,WFM-AO-N,1.07 [0.06],1.18,469.955..934.955,3013.90698242188
S.MUSE.2019-08-05T19:32:31.166.fits,J013340+040059,23.418223,4.01661,2019-07-12 09:25:00,MUSE.2019-07-12T09:25:00.836,970.0,WFM-NOAO-E,0.83 [0.08],1.24,460.044..935.169,2989.49145507812
S.MUSE.2019-08-28T04:00:46.250.fits,2MASX J20112386-0259503,302.850357,-2.99739,2019-08-03 05:40:50,MUSE.2019-08-03T05:40:50.883,612.0,WFM-AO-N,0.84 [0.08],1.17,469.994..934.994,3014.10302734375
S.MUSE.2019-08-28T04:45:30.560.fits,J013340+040059,23.418083,4.01675,2019-08-04 08:07:36,MUSE.2019-08-04T08:07:36.778,965.0,WFM-NOAO-E,0.52 [0.04],1.21,460.041..935.166,2989.48046875
S.MUSE.2019-08-28T04:50:27.406.fits,J013340+040059,23.418223,4.01647,2019-08-04 08:43:41,MUSE.2019-08-04T08:43:41.024,960.0,WFM-NOAO-E,0.47 [0.04],1.16,460.041..935.166,2989.48046875
S.MUSE.2019-08-28T04:58:19.563.fits,J013340+040059,23.417944,4.01647,2019-08-04 09:42:44,MUSE.2019-08-04T09:42:44.202,960.0,WFM-NOAO-E,0.44 [0.04],1.14,460.041..935.166,2989.48095703125
S.MUSE.2019-08-28T06:02:16.273.fits,J013340+040059,23.418083,4.01661,2019-08-05 07:57:59,MUSE.2019-08-05T07:57:59.749,965.0,WFM-NOAO-E,0.60 [0.08],1.22,460.041..935.166,2989.47924804688
S.MUSE.2019-08-28T06:07:08.266.fits,J013340+040059,23.418223,4.01661,2019-08-05 08:34:08,MUSE.2019-08-05T08:34:08.903,970.0,WFM-NOAO-E,0.61 [0.08],1.17,460.041..935.166,2989.47924804688
S.MUSE.2019-08-28T06:11:03.593.fits,J013340+040059,23.418223,4.01647,2019-08-05 09:33:38,MUSE.2019-08-05T09:33:38.987,960.0,WFM-NOAO-E,0.53 [0.04],1.14,460.041..935.166,2989.47973632812
S.MUSE.2019-09-28T07:34:37.106.fits,SDSS J020022,30.094747,0.65954,2019-08-26 09:33:37,MUSE.2019-08-26T09:33:37.675,900.0,WFM-AO-E,0.44 [0.03],1.16,460.036..935.161,2989.451171875
S.MUSE.2019-09-28T09:28:59.383.fits,2MASX J19322229-0400010,293.092844,-4.00079,2019-08-29 02:23:33,MUSE.2019-08-29T02:23:33.891,612.0,WFM-AO-N,0.70 [0.05],1.08,469.970..934.970,3013.97875976562
S.MUSE.2019-10-03T18:29:26.226.fits,Fornax dSph CL6,40.029503,-34.42111,2019-08-31 09:07:11,MUSE.2019-08-31T09:07:11.278,1380.0,WFM-AO-N,0.71 [0.05],1.02,470.021..935.021,3014.23852539062
S.MUSE.2019-10-03T21:14:46.156.fits,PSSJ0133p0400,23.419101,4.01744,2019-09-02 08:33:44,MUSE.2019-09-02T08:33:44.891,1482.0,WFM-NOAO-N,1.21 [0.17],1.19,475.031..935.031,3026.87426757812
S.MUSE.2019-10-09T15:22:02.456.fits,SN2015W,104.433346,13.56047,2019-09-16 09:20:53,MUSE.2019-09-16T09:20:53.020,120.0,WFM-NOAO-N,1.01 [0.04],1.72,475.042..935.167,3027.24584960938
S.MUSE.2019-12-21T22:05:23.490.fits,Q2139-4443,325.599125,-44.3304,2019-11-16 00:53:57,MUSE.2019-11-16T00:53:57.851,1450.0,WFM-AO-E,0.77 [0.06],1.19,459.960..934.960,2988.7548828125
S.MUSE.2020-01-02T20:57:27.296.fits,CTS_G18.01 Southeast,10.396447,-49.61382,2019-11-27 01:31:29,MUSE.2019-11-27T01:31:29.091,900.0,WFM-AO-N,0.48 [0.05],1.11,469.968..934.968,3013.96997070312
S.MUSE.2020-01-04T22:26:07.340.fits,FCC335,57.65403,-35.90975,2019-11-23 08:18:54,MUSE.2019-11-23T08:18:54.668,600.0,WFM-NOAO-N,0.61 [0.11],1.59,474.991..934.991,3026.6708984375
S.MUSE.2020-02-07T22:22:23.743.fits,SDSSJ0947+0725,146.93823,7.42211,2020-02-03 05:17:31,MUSE.2020-02-03T05:17:31.198,845.0,WFM-AO-N,0.58 [0.06],1.18,470.010..935.010,3014.18212890625
S.MUSE.2020-02-28T00:56:26.676.fits,KKH86,208.639475,4.24302,2020-02-21 08:50:31,MUSE.2020-02-21T08:50:31.798,900.0,WFM-NOAO-N,0.81 [0.08],1.14,475.036..935.161,3027.21606445312
S.MUSE.2020-03-06T10:19:25.623.fits,SDSSJ1004+1446,151.198335,14.77936,2020-03-02 04:15:44,MUSE.2020-03-02T04:15:44.045,845.0,WFM-AO-N,0.52 [0.02],1.29,469.989..934.989,3014.07397460938
S.MUSE.2020-04-17T11:14:07.000.fits,GAMAJ140913.26+014659.6,212.304518,1.78248,2020-03-20 08:37:47,MUSE.2020-03-20T08:37:47.282,1320.0,WFM-AO-N,0.85 [0.16],1.23,470.023..935.023,3014.24462890625
S.MUSE.2020-04-21T09:45:51.700.fits,analogue28,133.090417,12.28103,2020-03-24 00:16:54,MUSE.2020-03-24T00:16:54.986,612.0,WFM-AO-N,1.29 [0.03],1.32,469.963..934.963,3013.94458007812
S.MUSE.2021-01-09T10:40:01.820.fits,Q2139-4443,325.598075,-44.33115,2020-11-12 00:52:42,MUSE.2020-11-12T00:52:42.322,1450.0,WFM-AO-E,0.66 [0.06],1.16,459.959..934.959,2988.7529296875
S.MUSE.2021-01-13T08:23:54.923.fits,AM0400-420,60.464907,-41.9432,2020-11-21 00:26:04,MUSE.2020-11-21T00:26:04.021,450.0,WFM-NOAO-N,0.60 [0.04],1.74,474.992..934.992,3026.67724609375
S.MUSE.2021-01-15T12:53:42.283.fits,Arp332B,47.043373,-22.92668,2020-11-23 00:24:05,MUSE.2020-11-23T00:24:05.300,450.0,WFM-NOAO-N,0.67 [0.04],1.41,474.983..934.983,3026.6328125
S.MUSE.2021-01-16T08:12:57.396.fits,NGC0474-175,20.491968,3.96873,2020-12-03 03:42:56,MUSE.2020-12-03T03:42:56.200,657.0,WFM-NOAO-N,0.91 [0.08],1.44,474.962..934.962,3026.52807617188
S.MUSE.2021-01-21T01:43:05.463.fits,J0148-0055,27.038279,-0.91933,2020-12-08 02:26:04,MUSE.2020-12-08T02:26:04.797,900.0,WFM-NOAO-N,0.86 [0.20],1.14,474.962..934.962,3026.52807617188
S.MUSE.2021-01-21T03:06:56.030.fits,3C 114.0,65.093959,17.89889,2020-12-09 06:22:23,MUSE.2020-12-09T06:22:23.528,712.0,WFM-NOAO-N,0.58 [0.06],1.81,474.990..934.990,3026.66748046875
S.MUSE.2021-01-29T10:02:04.980.fits,GAMAJ231312.74-340052.2,348.302514,-34.01418,2020-12-16 00:58:37,MUSE.2020-12-16T00:58:37.278,1320.0,WFM-AO-N,0.70 [0.06],1.24,469.960..934.960,3013.92749023438
S.MUSE.2021-01-29T11:06:13.423.fits,SDSSJ0005m0006,1.466306,-0.11681,2020-12-04 02:52:20,MUSE.2020-12-04T02:52:20.350,1482.0,WFM-NOAO-N,0.64 [0.10],1.53,474.954..934.954,3026.48754882812
S.MUSE.2021-02-01T14:22:31.343.fits,SLACS J1020+1122,155.112381,11.37975,2020-12-22 07:09:44,MUSE.2020-12-22T07:09:44.614,1312.0,WFM-AO-N,0.55 [0.04],1.4,470.041..935.166,3014.6513671875
S.MUSE.2021-02-04T22:42:55.956.fits,CSP13Z,163.025536,-13.57325,2020-12-26 07:27:20,MUSE.2020-12-26T07:27:20.596,701.0,WFM-NOAO-E,1.15 [0.13],1.13,460.041..935.166,2989.47998046875
S.MUSE.2021-02-04T23:48:55.903.fits,J0911+18,137.804871,18.52385,2021-01-10 05:47:38,MUSE.2021-01-10T05:47:38.202,609.0,WFM-AO-E,0.42 [0.04],1.4,460.019..935.019,2989.05102539062
S.MUSE.2021-04-06T20:31:57.916.fits,GAMAJ121953.19-022851.7,184.971699,-2.48122,2021-03-12 04:17:17,MUSE.2021-03-12T04:17:17.002,1320.0,WFM-AO-N,0.62 [0.12],1.16,470.011..935.011,3014.18676757812
S.MUSE.2021-04-21T23:33:26.456.fits,J1235-0051,188.778521,-0.85881,2021-04-10 01:23:29,MUSE.2021-04-10T01:23:29.043,645.0,WFM-NOAO-N,0.69 [0.04],1.42,474.990..934.990,3026.66821289062
S.MUSE.2021-04-28T05:24:59.206.fits,2M1134-2103,173.665771,-21.05933,2021-04-16 00:06:37,MUSE.2021-04-16T00:06:37.784,600.0,WFM-AO-N,0.77 [0.03],1.23,469.983..934.983,3014.04418945312
S.MUSE.2021-07-24T04:17:28.933.fits,GAMAJ144834.52+025628.8,222.143498,2.94128,2021-07-08 02:08:01,MUSE.2021-07-08T02:08:01.013,1320.0,WFM-AO-N,1.04 [0.13],1.25,469.959..934.959,3013.92553710938
S.MUSE.2021-07-26T19:09:53.676.fits,GAMAJ144834.52+025628.8,222.143777,2.94197,2021-07-09 01:49:51,MUSE.2021-07-09T01:49:51.513,1320.0,WFM-AO-N,0.37 [0.03],1.22,469.959..934.959,3013.92407226562
S.MUSE.2021-09-23T22:45:31.243.fits,J0158-006,29.539294,-0.10905,2021-09-07 09:35:39,MUSE.2021-09-07T09:35:39.833,500.0,WFM-NOAO-E,0.85 [0.05],1.27,460.029..935.029,2989.10375976562
S.MUSE.2021-09-23T23:35:05.796.fits,PKS2134+004,324.162089,0.6994,2021-09-03 00:57:35,MUSE.2021-09-03T00:57:35.589,900.0,WFM-AO-N,0.54 [0.05],1.41,469.988..934.988,3014.06884765625
S.MUSE.2021-10-19T03:31:19.426.fits,MUSCATEL-A2744-MF2-02-B,3.464638,-30.37093,2021-10-06 04:44:07,MUSE.2021-10-06T04:44:07.555,1500.0,WFM-AO-N,0.43 [0.04],1.02,469.983..934.983,3014.0439453125
S.MUSE.2021-10-22T15:14:33.886.fits,MUSCATEL-AS1063-MF4-02-B,342.312362,-44.55075,2021-10-11 03:42:06,MUSE.2021-10-11T03:42:06.832,1500.0,WFM-AO-N,1.09 [0.11],1.12,469.968..934.968,3013.96997070312
S.MUSE.2022-01-05T12:52:57.730.fits,Pisces B,19.79855,11.11943,2021-12-09 00:50:37,MUSE.2021-12-09T00:50:37.349,450.0,WFM-AO-E,1.21 [0.09],1.23,459.962..934.962,2988.76220703125
S.MUSE.2022-03-02T10:16:11.633.fits,MATLAS-585,146.457861,-0.54417,2022-02-12 07:55:40,MUSE.2022-02-12T07:55:40.749,657.0,WFM-NOAO-N,2.38 [0.40],1.52,475.005..935.005,3026.74072265625
S.MUSE.2022-04-05T20:25:43.286.fits,IC 486,120.087731,26.61365,2022-03-09 00:54:41,MUSE.2022-03-09T00:54:41.086,630.0,WFM-NOAO-N,0.63 [0.05],1.63,474.963..934.963,3026.529296875
S.MUSE.2022-04-15T20:02:16.803.fits,SDSSJ1439m0033,219.969169,-0.57189,2022-03-13 09:12:24,MUSE.2022-03-13T09:12:24.083,586.0,WFM-NOAO-N,1.43 [0.13],1.15,475.033..935.158,3027.1962890625
S.MUSE.2022-04-29T15:02:50.123.fits,GAMAJ144010.58-003923.8,220.043554,-0.65748,2022-04-05 07:02:12,MUSE.2022-04-05T07:02:12.820,1320.0,WFM-AO-N,0.56 [0.05],1.1,470.018..935.018,3014.21850585938
S.MUSE.2022-06-18T09:53:28.460.fits,NGC 247 ULX,11.765886,-20.7959,2022-05-27 09:53:32,MUSE.2022-05-27T09:53:32.381,560.0,WFM-NOAO-E,0.83 [0.19],1.42,460.036..935.161,2989.4521484375
S.MUSE.2022-07-14T15:26:29.810.fits,J0141-5427,25.385954,-54.4633,2022-06-24 09:12:43,MUSE.2022-06-24T09:12:43.926,1480.0,WFM-NOAO-N,1.03 [0.15],1.41,475.024..935.024,3026.83544921875
S.MUSE.2022-08-10T13:00:04.310.fits,J0141-5427,25.385,-54.46386,2022-07-23 08:58:30,MUSE.2022-07-23T08:58:30.223,1480.0,WFM-NOAO-N,1.46 [0.27],1.2,475.018..935.018,3026.80859375
S.MUSE.2022-08-12T13:44:18.336.fits,FRB190608,334.018731,-7.89888,2022-07-29 04:30:17,MUSE.2022-07-29T04:30:17.896,600.0,WFM-AO-N,0.79 [0.08],1.2,470.020..935.020,3014.23046875
S.MUSE.2022-09-01T00:07:21.610.fits,WISE2246-0526,341.53164,-5.44304,2022-08-04 06:15:21,MUSE.2022-08-04T06:15:21.417,675.0,WFM-AO-N,1.17 [0.20],1.06,470.022..935.022,3014.23828125
S.MUSE.2022-09-04T08:41:24.343.fits,W2246-0526,341.53164,-5.4429,2022-08-22 07:36:32,MUSE.2022-08-22T07:36:32.766,675.0,WFM-AO-N,1.53 [0.09],1.25,470.009..935.009,3014.173828125
S.MUSE.2022-10-18T12:40:51.866.fits,ZTF22aaylnhq,263.935684,4.83226,2022-09-30 00:35:29,MUSE.2022-09-30T00:35:29.039,900.0,WFM-AO-N,0.65 [0.10],1.59,469.960..934.960,3013.9287109375
S.MUSE.2023-01-13T02:50:57.323.fits,ESO120-016,87.9032,-59.05278,2022-12-24 02:36:39,MUSE.2022-12-24T02:36:39.512,580.0,WFM-NOAO-N,0.57 [0.04],1.29,474.999..934.999,3026.70849609375
S.MUSE.2023-01-13T04:31:27.493.fits,J0133+1342,23.469,13.70279,2022-12-23 01:25:23,MUSE.2022-12-23T01:25:23.214,707.0,WFM-NOAO-E,1.01 [0.14],1.36,459.958..934.958,2988.74291992188
S.MUSE.2023-05-10T13:34:26.706.fits,NGC5775,223.499939,3.52536,2023-04-19 07:58:49,MUSE.2023-04-19T07:58:49.345,563.0,WFM-NOAO-N,0.84 [0.09],1.35,475.009..935.009,3026.76196289062
S.MUSE.2023-05-12T05:04:55.490.fits,V X Ser,244.823658,-2.49201,2023-04-25 08:29:01,MUSE.2023-04-25T08:29:01.332,600.0,WFM-NOAO-N,1.70 [0.14],1.19,475.022..935.022,3026.82568359375
S.MUSE.2023-06-01T21:29:12.940.fits,Lens38,166.997973,4.15656,2023-05-17 02:26:50,MUSE.2023-05-17T02:26:50.958,700.0,WFM-NOAO-N,0.88 [0.01],1.37,474.956..934.956,3026.49633789062
S.MUSE.2023-06-06T12:46:34.636.fits,GAMAJ143215.06-013636.4,218.063788,-1.60693,2023-05-23 04:17:36,MUSE.2023-05-23T04:17:36.430,1320.0,WFM-AO-N,0.41 [0.06],1.13,469.981..934.981,3014.033203125
S.MUSE.2023-07-07T03:13:57.433.fits,FRB190520,240.516101,-11.2875,2023-06-14 05:05:13,MUSE.2023-06-14T05:05:13.328,600.0,WFM-AO-N,0.85 [0.05],1.14,469.983..934.983,3014.0439453125
S.MUSE.2023-08-08T09:30:06.866.fits,Lens62,340.230973,-0.01225,2023-07-12 09:09:12,MUSE.2023-07-12T09:09:12.142,700.0,WFM-NOAO-N,1.35 [0.07],1.15,475.036..935.161,3027.2119140625
S.MUSE.2023-08-09T10:53:24.340.fits,Lens66,345.071616,22.22461,2023-07-16 06:51:34,MUSE.2023-07-16T06:51:34.845,700.0,WFM-NOAO-N,0.50 [0.06],1.57,475.036..935.161,3027.21337890625
S.MUSE.2023-08-23T12:41:45.860.fits,SN 2002ao,217.404445,-0.01833,2023-08-07 23:25:04,MUSE.2023-08-07T23:25:04.819,701.0,WFM-NOAO-N,0.47 [0.03],1.16,474.955..934.955,3026.49072265625
S.MUSE.2023-09-25T15:44:51.150.fits,UGC 1382,28.656729,-0.10342,2023-09-14 06:34:54,MUSE.2023-09-14T06:34:54.304,120.0,WFM-AO-N,0.90 [0.03],1.11,470.026..935.026,3014.25732421875
S.MUSE.2023-10-23T09:36:29.570.fits,UGC01817,35.380398,14.18611,2023-10-14 04:12:08,MUSE.2023-10-14T04:12:08.735,580.0,WFM-NOAO-N,0.41 [0.04],1.39,475.013..935.013,3026.78100585938
S.MUSE.2023-12-21T12:17:03.506.fits,NGC1032,39.831427,1.08977,2023-12-11 04:59:24,MUSE.2023-12-11T04:59:24.197,580.0,WFM-NOAO-N,0.51 [0.06],1.54,474.969..934.969,3026.56127929688
S.MUSE.2024-01-23T11:38:32.910.fits,J0842p1218,130.620491,12.31255,2024-01-02 07:52:34,MUSE.2024-01-02T07:52:34.408,1465.0,WFM-NOAO-N,0.46 [0.04],1.32,475.023..935.023,3026.82958984375
S.MUSE.2024-02-08T15:39:34.410.fits,2018imj,102.776902,12.92266,2024-01-29 05:00:18,MUSE.2024-01-29T05:00:18.782,601.0,WFM-NOAO-N,0.48 [0.02],1.47,474.980..934.980,3026.61303710938
